{"beta": 0.07, "beta_m": 0.15, "f": 0.95, "fv": 0.9, "upsilon": 0.04, "upsilon_r": 0.02, "upsilon_m": 0.03, "upsilon_mr": 0.02, "omega": 0.0027397260273972603, "omega_m": 0.0027397260273972603, "kappa": 0.0019880715705765406, "a": 0.79, "a_m": 0.6, "gamma": 0.14285714285714285, "d": 0.12, "m": 0.05, "days": 1000}