{"beta": 0.1, "beta_m": 0.2, "f": 0.95, "fv": 0.9, "upsilon": 0.01, "upsilon_r": 0.01, "upsilon_m": 0.03, "upsilon_mr": 0.03, "omega": 0.0027397260273972603, "omega_m": 0.0027397260273972603, "kappa": 0.0025, "a": 0.79, "a_m": 0.6, "gamma": 0.14285714285714285, "und_inf": 0.56, "d": 0.12, "m": 0.05, "days": 150}