{"beta_0": 0.1, "beta_m0": 0.8, "f": 0.95, "f_v": 0.9, "upsilon": 0.01, "upsilon_r": 0.01, "upsilon_m": 0.02, "upsilon_mr": 0.02, "omega": 0.0027397260273972603, "omega_m": 0.0027397260273972603, "kappa": 0.0025, "a": 0.95, "a_m": 0.8, "gamma": 0.14285714285714285, "und_inf": 0.55, "days": 150}